model,r2_cv,rmse_cv,mae_cv
RidgeCV,0.8216845144217964,44.823450226433145,34.79116177709674
LassoCV,-0.30131158199136765,120.88533363848937,101.5
RandomForest,-0.32972992952439917,122.18335208748087,102.423
OLS+poly,-52.96366169347533,774.6805395395976,586.2730404773422
OLS,-58.29691155569464,812.0435817205733,604.5395220504997
